{"science_w": [0.005896191951772928, 0.006756147656526022, 0.014510099797540595, 0.015841023869183672, 0.01581178002038596, 0.02662783659209967, 0.026439032739965302, 0.02628722521363726, 0.008321473753034783, 0.0029473228695600534, 0.01974673554181426, 0.03440096550423524, 0.012275121107481744, 0.007172555631736346, -0.01389215372293388, 0.0012886337590582468, 0.012289051186988606, 0.02169632010198359, 0.016434347928315392, 0.0019128357256676099, -0.0009846210162401095, 0.021790614491437595, -0.007411125000689855, 0.03704814378650524, 0.008798953868579889, -0.020032458554058753, 0.001180408850979004, -0.02021407062840109, -0.0027938099609018437, 0.033044542802921406, -0.009547233784087743, -0.013401203623290291, -0.0001519057855402907, -0.00031014955227263606, 0.009069291542831178, 0.017132929055288362, 0.0018960618464470456, 0.023008383905970604, 0.0003811410265542008, -0.013707287138784692, 0.02396386515233705, 0.022972988060376082, 0.025725981077636125, 0.026761422343465884, -0.01823975508624913, -0.014868108871163828, -0.014373252548821746, 0.012729972706025073, 0.018905304891455487, 0.02524391915310318, -0.0016139482535986703, 0.024431882833970714, 0.024756703187470103, 0.024395942737264826, 0.013277709029194864, 0.037807728604496216, 0.007096593782256647, 0.010141501456739583, 0.024898804725383236, 0.022206750674514737], "cost_i": -201.11810510461282, "science_i": 0.009111900475957502, "cost_w": [260.78619336714473, 200.494486225339, 942.8110187253574, 615.1616358203662, 447.50817569197807, 928.8218719107784, 402.14468970603576, 132.21831149825846, 837.7818854206366, 542.0637826509569, 399.48238742703626, 485.63752259769524, 316.49756578318824, 231.1177754053667, 994.7145128316628, 891.317290606784, 729.2009578098798, 784.0194882876398, 419.3770196325748, 61.94989900387587, 938.0379514810461, 598.3099078434348, 221.8907882610799, 619.2506882378295, 175.47429831942048, 251.32413586246588, 919.2801500022729, 757.0576672288875, 764.0861416032326, 788.4261645815056, 379.531033987992, 123.97061566636316, 790.09210438782, 640.4617899029989, 387.58328196224727, 580.0989554516993, 231.11117489785912, 12.066926259360583, 678.0869177393917, 566.2707555532563, 476.16201855233885, 860.1646765432408, 384.2006054934371, 107.77288827415491, 866.3619876430855, 660.2794778135489, 389.5803094870132, 623.1836971849194, 348.5375872657496, 148.84650861940258, 932.4455721727437, 516.3676089490763, 721.5651556161154, 847.1862918760119, 285.799112513574, -44.503553408397394, 690.7085842109028, 693.666291451351, 352.71406957498175, 650.7286817316483]}